Plane ID,Plan 1 Fuel Consumption,Plan 2 Fuel Consumption
54,1036,996
57,118031,113913
51,33861,32567
13,117690,113247
59,102800,99076
9,402638,389425
58,17837,17180
53,10732,10331
52,6902,6646
40,52193,50336
43,346884,333857
4,462679,446775
39,50902,48921
71,819,789
20,6427,6221
50,284,276
2,63386,61451
5,11933,11514
10,6918,6658
29,155808,150180
36,3749,3652
67,534271,514608
66,5046611,4873607
1,74938,72172
18,2090,2010
61,94979,92092
27,41689,40028
63,4124,4017
6,7125,6867
48,525,508
